"","Models","R_Squared","MSE","RMSE","MAE"
"1","initial_model_train",0.750423342364639,930.67213943901,30.5069195337551,19.3736199163026
"2","forward_model_train",0.750569217734583,930.874442860028,30.5102350508813,19.375536064958
"3","model_interactions",0.786246719440629,708.275392973673,26.6134438390388,16.7336773061928
"4","backward_model_interactions",0.670465280541813,1203.02892862486,34.6847074173166,23.0337838706603
